OrderId,ProductId,Quantity,DeliveryAt,CreatedAt,DeliveryAddress
11111111-1111-1111-1111-111111111111,aaaaaaaa-aaaa-aaaa-aaaa-aaaaaaaaaaaa,2,2025-06-12T12:00:00,2025-06-11T10:00:00,123 Main St
11111111-1111-1111-1111-111111111111,bbbbbbbb-bbbb-bbbb-bbbb-bbbbbbbbbbbb,1,2025-06-12T13:00:00,2025-06-11T10:05:00,123 Main St
22222222-2222-2222-2222-222222222222,cccccccc-cccc-cccc-cccc-cccccccccccc,3,2025-06-12T14:00:00,2025-06-11T10:10:00,456 Oak Ave
22222222-2222-2222-2222-222222222222,dddddddd-dddd-dddd-dddd-dddddddddddd,1,2025-06-12T15:00:00,2025-06-11T10:15:00,456 Oak Ave
33333333-3333-3333-3333-333333333333,eeeeeeee-eeee-eeee-eeee-eeeeeeeeeeee,2,2025-06-12T16:00:00,2025-06-11T10:20:00,789 Pine Rd
44444444-4444-4444-4444-444444444444,ffffffff-ffff-ffff-ffff-ffffffffffff,1,2025-06-12T17:00:00,2025-06-11T10:25:00,321 Maple St
55555555-5555-5555-5555-555555555555,11111111-2222-3333-4444-555555555555,4,2025-06-12T18:00:00,2025-06-11T10:30:00,654 Cedar Blvd
66666666-6666-6666-6666-666666666666,66666666-7777-8888-9999-000000000000,2,2025-06-12T19:00:00,2025-06-11T10:35:00,987 Birch Ln
11111111-1111-1111-1111-111111111111,99999999-8888-7777-6666-555555555555,1,2025-06-12T20:00:00,2025-06-11T10:40:00,123 Main St
22222222-2222-2222-2222-222222222222,22222222-3333-4444-5555-666666666666,3,2025-06-12T21:00:00,2025-06-11T10:45:00,456 Oak Ave
